,model,forecast,forecast_aligned,test_aligned,conf_int,mse,rmse,mae,r2,mape,aic,bic
"ARIMA(2,1,2)",<statsmodels.tsa.arima.model.ARIMAResultsWrapper object at 0x0000023700A5A6D0>,"6128    2.713887
6129    2.702274
6130    2.679985
6131    2.678043
6132    2.662814
          ...   
7655    2.649109
7656    2.649108
7657    2.649109
7658    2.649108
7659    2.649109
Name: predicted_mean, Length: 1532, dtype: float64","0       2.713887
1       2.702274
2       2.679985
3       2.678043
4       2.662814
          ...   
1527    2.649109
1528    2.649108
1529    2.649109
1530    2.649108
1531    2.649109
Name: predicted_mean, Length: 1532, dtype: float64","0       2.77
1       2.77
2       2.76
3       2.76
4       2.86
        ... 
1527    2.67
1528    2.65
1529    2.62
1530    2.72
1531    1.26
Name: Vibration, Length: 1532, dtype: float64","      lower Vibration  upper Vibration
6128         1.383973         4.043802
6129         1.047593         4.356955
6130         0.862483         4.497487
6131         0.772370         4.583715
6132         0.702715         4.622913
...               ...              ...
7655        -3.665802         8.964020
7656        -3.667659         8.965876
7657        -3.669514         8.967732
7658        -3.671370         8.969587
7659        -3.673224         8.971442

[1532 rows x 2 columns]",0.7077373765767055,0.8412712859575712,0.4340241482533812,-0.13591033510788852,65.73218252759216,12646.74009985097,12680.342402414597
"ARIMA(2, 1, 2)",<statsmodels.tsa.arima.model.ARIMAResultsWrapper object at 0x000002370074BA90>,"6128    2.713887
6129    2.702274
6130    2.679985
6131    2.678043
6132    2.662814
          ...   
7655    2.649109
7656    2.649108
7657    2.649109
7658    2.649108
7659    2.649109
Name: predicted_mean, Length: 1532, dtype: float64","0       2.713887
1       2.702274
2       2.679985
3       2.678043
4       2.662814
          ...   
1527    2.649109
1528    2.649108
1529    2.649109
1530    2.649108
1531    2.649109
Name: predicted_mean, Length: 1532, dtype: float64","0       2.77
1       2.77
2       2.76
3       2.76
4       2.86
        ... 
1527    2.67
1528    2.65
1529    2.62
1530    2.72
1531    1.26
Name: Vibration, Length: 1532, dtype: float64","      lower Vibration  upper Vibration
6128         1.383973         4.043802
6129         1.047593         4.356955
6130         0.862483         4.497487
6131         0.772370         4.583715
6132         0.702715         4.622913
...               ...              ...
7655        -3.665802         8.964020
7656        -3.667659         8.965876
7657        -3.669514         8.967732
7658        -3.671370         8.969587
7659        -3.673224         8.971442

[1532 rows x 2 columns]",0.7077373765767055,0.8412712859575712,0.4340241482533812,-0.13591033510788852,65.73218252759216,12646.74009985097,12680.342402414597
